electricity_pool_or_sauna,month,property_type,property_size,property_age,property_ownership,occupants,occupant_type,space_heating,water_heating,stove_heating,grill_heating,oven_heating,photo_voltaic,fridge,freezer,combi_fridge_freezer,oven,grill,hob,microwave,kettle,toaster,dishwasher,washing_machine,tumble_dryer,iron,tv,dvd_or_blueray,digital_tv_box,games_console,computer,tablet,electric_shower,ev_charger,swimming_pool,sauna
11.471015764895894,12th,PT.06,2,PA.03,OWN.02,2,OT.06,other,other,electric,electric,electric,SOL.01,1.0,1.0,0.0,1.0,1.0,1.0,1.0,1.0,1.0,1.0,1.0,1.0,1.0,2.0,0.0,0.0,0.0,2.0,1.0,0.0,0.0,1.0,0.0
10.54393437037231,12th,PT.01,3,PA.02,OWN.01,2,OT.02,other,other,electric,electric,electric,SOL.02,1.0,1.0,1.0,1.0,1.0,1.0,1.0,1.0,1.0,1.0,1.0,1.0,1.0,1.0,1.0,1.0,0.0,1.0,1.0,0.0,0.0,1.0,0.0
14.465938524515929,12th,PT.04,3,PA.02,OWN.02,2,OT.02,other,other,electric,electric,electric,SOL.02,1.0,1.0,0.0,1.0,1.0,1.0,1.0,1.0,1.0,1.0,1.0,1.0,1.0,3.0,1.0,0.0,0.0,2.0,2.0,1.0,0.0,1.0,0.0
11.797823059652714,12th,PT.01,3,PA.02,OWN.02,4,OT.04,other,other,electric,electric,electric,SOL.02,2.0,1.0,1.0,1.0,1.0,1.0,1.0,1.0,1.0,1.0,2.0,1.0,2.0,3.0,2.0,3.0,2.0,3.0,2.0,0.0,0.0,1.0,0.0
13.383956716429413,12th,PT.01,3,PA.03,OWN.01,2,OT.02,other,other,electric,other,electric,SOL.02,0.0,1.0,1.0,1.0,0.0,1.0,1.0,1.0,1.0,1.0,1.0,0.0,1.0,2.0,1.0,1.0,0.0,2.0,2.0,0.0,0.0,1.0,0.0
14.045724455396408,12th,PT.01,3,PA.02,OWN.01,2,OT.02,other,other,electric,electric,electric,SOL.02,1.0,1.0,1.0,1.0,1.0,1.0,1.0,1.0,1.0,1.0,1.0,1.0,1.0,1.0,1.0,1.0,0.0,1.0,1.0,0.0,0.0,1.0,0.0
16.278717186602393,12th,PT.01,4,PA.04,OWN.01,2,OT.02,other,other,other,other,other,SOL.02,2.0,1.0,0.0,0.0,0.0,0.0,1.0,1.0,0.0,1.0,1.0,1.0,1.0,3.0,2.0,1.0,0.0,1.0,1.0,0.0,0.0,1.0,0.0
13.637837625799255,12th,PT.01,3,PA.02,OWN.01,2,OT.02,other,other,electric,electric,electric,SOL.02,1.0,1.0,1.0,1.0,1.0,1.0,1.0,1.0,1.0,1.0,1.0,1.0,1.0,1.0,1.0,1.0,0.0,1.0,1.0,0.0,0.0,1.0,0.0
10.784360144332654,12th,PT.01,4,PA.03,OWN.01,3,OT.05,other,other,electric,other,electric,SOL.02,2.0,1.0,0.0,1.0,1.0,1.0,0.0,0.0,1.0,1.0,1.0,1.0,1.0,1.0,1.0,1.0,0.0,1.0,1.0,1.0,0.0,0.0,1.0
16.888601052172792,12th,PT.01,3,PA.02,OWN.01,2,OT.02,other,other,electric,other,electric,SOL.02,1.0,1.0,1.0,1.0,0.0,1.0,1.0,1.0,1.0,1.0,1.0,1.0,1.0,3.0,1.0,0.0,0.0,4.0,2.0,0.0,0.0,1.0,0.0
1.8522252868582665,12th,PT.01,3,PA.02,OWN.01,2,OT.02,other,other,electric,electric,electric,SOL.02,1.0,1.0,1.0,1.0,1.0,1.0,1.0,1.0,1.0,1.0,1.0,1.0,1.0,1.0,1.0,1.0,0.0,1.0,1.0,0.0,0.0,1.0,0.0
12.741024627494113,12th,PT.01,4,PA.02,OWN.01,4,OT.04,other,other,electric,electric,electric,SOL.02,2.0,1.0,1.0,1.0,1.0,1.0,1.0,1.0,1.0,1.0,1.0,1.0,1.0,1.0,1.0,1.0,1.0,1.0,1.0,0.0,0.0,1.0,0.0
15.08877931997606,12th,PT.01,3,PA.02,OWN.01,2,OT.02,other,other,electric,electric,electric,SOL.02,1.0,1.0,1.0,1.0,1.0,1.0,1.0,1.0,1.0,1.0,1.0,1.0,1.0,1.0,1.0,1.0,0.0,1.0,1.0,0.0,0.0,1.0,0.0
17.663768064450228,12th,PT.01,3,PA.02,OWN.01,2,OT.02,other,other,electric,electric,electric,SOL.02,1.0,1.0,1.0,1.0,1.0,1.0,1.0,1.0,1.0,1.0,1.0,1.0,1.0,1.0,1.0,1.0,0.0,1.0,1.0,0.0,0.0,1.0,0.0
2.2183817178560132,1th,PT.01,4,PA.02,OWN.01,5,OT.04,other,other,electric,electric,electric,SOL.02,1.0,1.0,1.0,1.0,1.0,1.0,0.0,1.0,1.0,1.0,1.0,1.0,1.0,4.0,3.0,0.0,1.0,1.0,3.0,0.0,0.0,1.0,0.0
12.846823511975126,12th,PT.01,3,PA.02,OWN.01,2,OT.02,other,other,electric,electric,electric,SOL.02,1.0,1.0,1.0,1.0,1.0,1.0,1.0,1.0,1.0,1.0,1.0,1.0,1.0,1.0,1.0,1.0,0.0,1.0,1.0,0.0,0.0,1.0,0.0
8.330127633243903,12th,PT.01,4,PA.02,OWN.01,3,OT.06,other,electric,electric,other,electric,SOL.02,2.0,1.0,1.0,1.0,0.0,1.0,2.0,2.0,1.0,1.0,1.0,1.0,1.0,2.0,2.0,2.0,0.0,3.0,2.0,0.0,0.0,1.0,0.0
16.253668874172185,12th,PT.01,3,PA.02,OWN.01,2,OT.02,other,other,electric,electric,electric,SOL.02,1.0,1.0,1.0,1.0,1.0,1.0,1.0,1.0,1.0,1.0,1.0,1.0,1.0,1.0,1.0,1.0,0.0,1.0,1.0,0.0,0.0,1.0,0.0
13.304267712492011,12th,PT.01,3,PA.02,OWN.01,2,OT.02,other,other,electric,electric,electric,SOL.02,1.0,1.0,1.0,1.0,1.0,1.0,1.0,1.0,1.0,1.0,1.0,1.0,1.0,1.0,1.0,1.0,0.0,1.0,1.0,0.0,0.0,1.0,0.0
19.058187353354246,12th,PT.01,3,PA.02,OWN.01,2,OT.02,other,other,electric,electric,electric,SOL.02,1.0,1.0,1.0,1.0,1.0,1.0,1.0,1.0,1.0,1.0,1.0,1.0,1.0,1.0,1.0,1.0,0.0,1.0,1.0,0.0,0.0,1.0,0.0
16.502440037379294,12th,PT.01,3,PA.02,OWN.01,2,OT.02,other,other,electric,electric,electric,SOL.02,1.0,1.0,1.0,1.0,1.0,1.0,1.0,1.0,1.0,1.0,1.0,1.0,1.0,1.0,1.0,1.0,0.0,1.0,1.0,0.0,0.0,1.0,0.0
10.755528691548376,12th,PT.01,3,PA.02,OWN.01,2,OT.02,other,other,electric,electric,electric,SOL.02,1.0,1.0,1.0,1.0,1.0,1.0,1.0,1.0,1.0,1.0,1.0,1.0,1.0,1.0,1.0,1.0,0.0,1.0,1.0,0.0,0.0,1.0,0.0
13.200036540525725,12th,PT.01,3,PA.03,OWN.01,2,OT.02,other,other,other,other,electric,SOL.02,0.0,0.0,1.0,1.0,0.0,1.0,1.0,0.0,1.0,1.0,1.0,0.0,1.0,2.0,1.0,1.0,0.0,2.0,2.0,0.0,0.0,1.0,0.0
15.570506918235042,12th,PT.01,3,PA.02,OWN.01,2,OT.02,other,other,electric,electric,electric,SOL.02,1.0,1.0,1.0,1.0,1.0,1.0,1.0,1.0,1.0,1.0,1.0,1.0,1.0,1.0,1.0,1.0,0.0,1.0,1.0,0.0,0.0,1.0,0.0
1.9780720249641564,12th,PT.01,3,PA.02,OWN.01,2,OT.02,other,other,electric,electric,electric,SOL.02,1.0,1.0,1.0,1.0,1.0,1.0,1.0,1.0,1.0,1.0,1.0,1.0,1.0,1.0,1.0,1.0,0.0,1.0,1.0,0.0,0.0,1.0,0.0
9.541958439140934,12th,PT.04,2,PA.02,OWN.01,3,OT.05,other,other,electric,other,electric,SOL.02,2.0,1.0,0.0,1.0,1.0,1.0,1.0,1.0,0.0,0.0,1.0,1.0,1.0,1.0,0.0,1.0,0.0,1.0,1.0,0.0,0.0,1.0,0.0
13.57983993078088,12th,PT.01,3,PA.02,OWN.01,2,OT.02,other,other,electric,electric,electric,SOL.02,1.0,1.0,1.0,1.0,1.0,1.0,1.0,1.0,1.0,1.0,1.0,1.0,1.0,1.0,1.0,1.0,0.0,1.0,1.0,0.0,0.0,1.0,0.0
9.359916335391326,12th,PT.01,3,PA.02,OWN.01,2,OT.02,other,other,electric,electric,electric,SOL.02,1.0,1.0,1.0,1.0,1.0,1.0,1.0,1.0,1.0,1.0,1.0,1.0,1.0,1.0,1.0,1.0,0.0,1.0,1.0,0.0,0.0,1.0,0.0
15.391577090849813,12th,PT.01,3,PA.02,OWN.01,2,OT.02,other,other,electric,electric,electric,SOL.02,1.0,1.0,1.0,1.0,1.0,1.0,1.0,1.0,1.0,1.0,1.0,1.0,1.0,1.0,1.0,1.0,0.0,1.0,1.0,0.0,0.0,1.0,0.0
14.717463583093007,12th,PT.01,3,PA.02,OWN.01,2,OT.02,other,other,electric,electric,electric,SOL.02,1.0,1.0,1.0,1.0,1.0,1.0,1.0,1.0,1.0,1.0,1.0,1.0,1.0,1.0,1.0,1.0,0.0,1.0,1.0,0.0,0.0,1.0,0.0
16.338533559877856,12th,PT.01,3,PA.02,OWN.01,2,OT.02,other,other,electric,electric,electric,SOL.02,1.0,1.0,1.0,1.0,1.0,1.0,1.0,1.0,1.0,1.0,1.0,1.0,1.0,1.0,1.0,1.0,0.0,1.0,1.0,0.0,0.0,1.0,0.0
7.6726154716047645,12th,PT.01,3,PA.02,OWN.01,2,OT.02,other,other,electric,electric,electric,SOL.02,1.0,1.0,1.0,1.0,1.0,1.0,1.0,1.0,1.0,1.0,1.0,1.0,1.0,1.0,1.0,1.0,0.0,1.0,1.0,0.0,0.0,1.0,0.0
12.41445441092084,12th,PT.01,3,PA.02,OWN.01,2,OT.02,other,other,electric,electric,electric,SOL.02,1.0,1.0,1.0,1.0,1.0,1.0,1.0,1.0,1.0,1.0,1.0,1.0,1.0,1.0,1.0,1.0,0.0,1.0,1.0,0.0,0.0,1.0,0.0
9.756368011537043,12th,PT.01,3,PA.02,OWN.01,2,OT.02,other,other,electric,electric,electric,SOL.02,1.0,1.0,1.0,1.0,1.0,1.0,1.0,1.0,1.0,1.0,1.0,1.0,1.0,1.0,1.0,1.0,0.0,1.0,1.0,0.0,0.0,1.0,0.0
4.354737236634273,12th,PT.01,3,PA.02,OWN.01,2,OT.02,other,other,electric,electric,electric,SOL.02,1.0,1.0,1.0,1.0,1.0,1.0,1.0,1.0,1.0,1.0,1.0,1.0,1.0,1.0,1.0,1.0,0.0,1.0,1.0,0.0,0.0,1.0,0.0
10.27497872721573,12th,PT.01,3,PA.02,OWN.01,2,OT.02,other,other,electric,electric,electric,SOL.02,1.0,1.0,1.0,1.0,1.0,1.0,1.0,1.0,1.0,1.0,1.0,1.0,1.0,1.0,1.0,1.0,0.0,1.0,1.0,0.0,0.0,1.0,0.0
18.392040081166197,12th,PT.01,3,PA.02,OWN.01,2,OT.02,other,other,electric,electric,electric,SOL.02,1.0,1.0,1.0,1.0,1.0,1.0,1.0,1.0,1.0,1.0,1.0,1.0,1.0,1.0,1.0,1.0,0.0,1.0,1.0,0.0,0.0,1.0,0.0
14.15693953035764,12th,PT.01,3,PA.02,OWN.01,3,OT.05,other,other,electric,other,electric,SOL.02,0.0,1.0,1.0,1.0,1.0,1.0,1.0,1.0,1.0,1.0,1.0,1.0,1.0,3.0,2.0,2.0,0.0,2.0,1.0,0.0,0.0,1.0,0.0
18.60753889796269,12th,PT.01,3,PA.03,OWN.01,1,OT.02,other,other,electric,other,electric,SOL.02,1.0,1.0,0.0,1.0,0.0,1.0,1.0,1.0,1.0,1.0,1.0,1.0,1.0,1.0,1.0,1.0,0.0,1.0,0.0,0.0,0.0,1.0,0.0
18.55832157064032,12th,PT.01,3,PA.02,OWN.01,2,OT.02,other,other,electric,electric,electric,SOL.02,1.0,1.0,1.0,1.0,1.0,1.0,1.0,1.0,1.0,1.0,1.0,1.0,1.0,1.0,1.0,1.0,0.0,1.0,1.0,0.0,0.0,1.0,0.0
13.515122712014167,12th,PT.01,3,PA.02,OWN.01,2,OT.02,other,other,electric,electric,electric,SOL.02,1.0,1.0,1.0,1.0,1.0,1.0,1.0,1.0,1.0,1.0,1.0,1.0,1.0,1.0,1.0,1.0,0.0,1.0,1.0,0.0,0.0,1.0,0.0
12.219381188118813,12th,PT.01,3,PA.02,OWN.01,2,OT.02,other,other,electric,electric,electric,SOL.02,1.0,1.0,1.0,1.0,1.0,1.0,1.0,1.0,1.0,1.0,1.0,1.0,1.0,1.0,1.0,1.0,0.0,1.0,1.0,0.0,0.0,1.0,0.0
3.7018275535919463,12th,PT.06,2,PA.03,OWN.02,1,OT.02,other,other,electric,other,electric,SOL.02,0.0,0.0,1.0,1.0,0.0,1.0,1.0,1.0,0.0,1.0,1.0,0.0,1.0,1.0,0.0,1.0,0.0,2.0,0.0,0.0,0.0,1.0,0.0
19.863906027073444,12th,PT.03,3,PA.04,OWN.01,2,OT.06,other,other,electric,electric,electric,SOL.02,2.0,1.0,0.0,1.0,1.0,1.0,1.0,1.0,1.0,1.0,1.0,1.0,1.0,1.0,1.0,1.0,1.0,2.0,1.0,0.0,0.0,1.0,0.0
14.623848558068962,12th,PT.01,3,PA.02,OWN.01,2,OT.02,other,other,electric,electric,electric,SOL.02,1.0,1.0,1.0,1.0,1.0,1.0,1.0,1.0,1.0,1.0,1.0,1.0,1.0,1.0,1.0,1.0,0.0,1.0,1.0,0.0,0.0,1.0,0.0
17.85096246558107,12th,PT.03,3,PA.02,OWN.01,2,OT.05,other,other,electric,other,electric,SOL.02,1.0,1.0,0.0,1.0,0.0,1.0,1.0,1.0,1.0,1.0,1.0,1.0,1.0,1.0,1.0,1.0,0.0,2.0,2.0,0.0,0.0,0.0,1.0
12.129383820036328,12th,PT.01,3,PA.02,OWN.01,2,OT.02,other,other,electric,electric,electric,SOL.02,1.0,1.0,1.0,1.0,1.0,1.0,1.0,1.0,1.0,1.0,1.0,1.0,1.0,1.0,1.0,1.0,0.0,1.0,1.0,0.0,0.0,1.0,0.0
9.494680256599388,12th,PT.06,2,PA.03,OWN.02,2,OT.06,other,electric,electric,electric,electric,SOL.02,0.0,0.0,1.0,1.0,1.0,1.0,1.0,1.0,1.0,1.0,1.0,0.0,1.0,2.0,1.0,0.0,0.0,2.0,0.0,1.0,0.0,1.0,0.0
10.797171970820527,12th,PT.01,3,PA.02,OWN.01,2,OT.02,other,other,electric,electric,electric,SOL.02,1.0,1.0,1.0,1.0,1.0,1.0,1.0,1.0,1.0,1.0,1.0,1.0,1.0,1.0,1.0,1.0,0.0,1.0,1.0,0.0,0.0,1.0,0.0
16.348696660765526,12th,PT.02,3,PA.04,OWN.01,2,OT.02,other,other,electric,electric,electric,SOL.02,0.0,1.0,1.0,1.0,1.0,1.0,1.0,1.0,1.0,1.0,1.0,1.0,1.0,2.0,1.0,1.0,0.0,2.0,1.0,0.0,0.0,1.0,0.0
4.466734244967719,1th,PT.01,3,PA.02,OWN.01,2,OT.02,other,other,electric,electric,electric,SOL.02,1.0,1.0,1.0,1.0,1.0,1.0,1.0,1.0,1.0,1.0,1.0,1.0,1.0,1.0,1.0,1.0,0.0,1.0,1.0,0.0,0.0,1.0,0.0
14.243229455109933,12th,PT.01,4,PA.03,OWN.01,5,OT.04,other,other,electric,other,electric,SOL.02,1.0,1.0,1.0,1.0,1.0,1.0,1.0,1.0,1.0,1.0,1.0,1.0,1.0,4.0,0.0,0.0,1.0,5.0,1.0,0.0,0.0,1.0,0.0
0.5106018491777597,1th,PT.01,4,PA.03,OWN.01,4,OT.02,other,other,electric,other,electric,SOL.01,2.0,1.0,1.0,1.0,0.0,1.0,1.0,0.0,0.0,1.0,2.0,1.0,1.0,2.0,0.0,0.0,0.0,0.0,1.0,0.0,0.0,1.0,0.0
15.751397259829492,12th,PT.01,3,PA.02,OWN.01,2,OT.02,other,other,electric,electric,electric,SOL.02,1.0,1.0,1.0,1.0,1.0,1.0,1.0,1.0,1.0,1.0,1.0,1.0,1.0,1.0,1.0,1.0,0.0,1.0,1.0,0.0,0.0,1.0,0.0
12.029703188109925,12th,PT.01,4,PA.04,OWN.01,3,OT.02,other,other,electric,other,electric,SOL.02,1.0,1.0,0.0,1.0,0.0,1.0,1.0,1.0,1.0,1.0,1.0,1.0,1.0,1.0,0.0,1.0,0.0,4.0,2.0,0.0,0.0,1.0,0.0
12.985372048487385,12th,PT.02,3,PA.02,OWN.01,2,OT.02,other,other,electric,other,electric,SOL.02,0.0,1.0,1.0,1.0,0.0,1.0,1.0,1.0,1.0,1.0,1.0,1.0,1.0,1.0,1.0,1.0,0.0,1.0,1.0,0.0,0.0,1.0,0.0
11.289530505305846,12th,PT.01,3,PA.02,OWN.01,2,OT.02,other,other,electric,electric,electric,SOL.02,1.0,1.0,1.0,1.0,1.0,1.0,1.0,1.0,1.0,1.0,1.0,1.0,1.0,1.0,1.0,1.0,0.0,1.0,1.0,0.0,0.0,1.0,0.0
14.32198716110388,12th,PT.01,3,PA.02,OWN.01,2,OT.02,other,other,electric,electric,electric,SOL.02,1.0,1.0,1.0,1.0,1.0,1.0,1.0,1.0,1.0,1.0,1.0,1.0,1.0,1.0,1.0,1.0,0.0,1.0,1.0,0.0,0.0,1.0,0.0
17.413646885306346,12th,PT.04,3,PA.03,OWN.01,2,OT.06,other,other,electric,other,electric,SOL.01,1.0,1.0,0.0,1.0,0.0,1.0,1.0,1.0,0.0,1.0,1.0,0.0,1.0,3.0,1.0,1.0,0.0,2.0,2.0,0.0,0.0,1.0,0.0
13.253100446245243,12th,PT.01,3,PA.02,OWN.01,2,OT.02,other,other,electric,electric,electric,SOL.02,1.0,1.0,1.0,1.0,1.0,1.0,1.0,1.0,1.0,1.0,1.0,1.0,1.0,1.0,1.0,1.0,0.0,1.0,1.0,0.0,0.0,1.0,0.0
7.092098285310236,12th,PT.01,3,PA.02,OWN.01,2,OT.02,other,other,electric,electric,electric,SOL.02,1.0,1.0,1.0,1.0,1.0,1.0,1.0,1.0,1.0,1.0,1.0,1.0,1.0,1.0,1.0,1.0,0.0,1.0,1.0,0.0,0.0,1.0,0.0
12.649638497096124,12th,PT.01,3,PA.02,OWN.01,2,OT.02,other,other,electric,electric,electric,SOL.02,1.0,1.0,1.0,1.0,1.0,1.0,1.0,1.0,1.0,1.0,1.0,1.0,1.0,1.0,1.0,1.0,0.0,1.0,1.0,0.0,0.0,1.0,0.0
11.33487437862585,12th,PT.01,3,PA.02,OWN.01,2,OT.02,other,other,electric,electric,electric,SOL.02,1.0,1.0,1.0,1.0,1.0,1.0,1.0,1.0,1.0,1.0,1.0,1.0,1.0,1.0,1.0,1.0,0.0,1.0,1.0,0.0,0.0,1.0,0.0
10.267703257324953,12th,PT.01,3,PA.02,OWN.01,2,OT.02,other,other,electric,electric,electric,SOL.02,1.0,1.0,1.0,1.0,1.0,1.0,1.0,1.0,1.0,1.0,1.0,1.0,1.0,1.0,1.0,1.0,0.0,1.0,1.0,0.0,0.0,1.0,0.0
19.34137988178755,12th,PT.01,3,PA.02,OWN.01,2,OT.02,other,other,electric,electric,electric,SOL.02,1.0,1.0,1.0,1.0,1.0,1.0,1.0,1.0,1.0,1.0,1.0,1.0,1.0,1.0,1.0,1.0,0.0,1.0,1.0,0.0,0.0,1.0,0.0
13.190003833742518,12th,PT.01,3,PA.02,OWN.01,2,OT.02,other,other,electric,electric,electric,SOL.02,1.0,1.0,1.0,1.0,1.0,1.0,1.0,1.0,1.0,1.0,1.0,1.0,1.0,1.0,1.0,1.0,0.0,1.0,1.0,0.0,0.0,1.0,0.0
15.115745568300314,12th,PT.01,3,PA.02,OWN.01,2,OT.06,other,other,electric,other,electric,SOL.02,2.0,1.0,1.0,1.0,1.0,1.0,1.0,1.0,1.0,1.0,1.0,0.0,1.0,2.0,2.0,2.0,0.0,2.0,1.0,0.0,0.0,0.0,1.0
20.057881848171462,12th,PT.01,3,PA.02,OWN.01,2,OT.02,other,other,electric,electric,electric,SOL.02,1.0,1.0,1.0,1.0,1.0,1.0,1.0,1.0,1.0,1.0,1.0,1.0,1.0,1.0,1.0,1.0,0.0,1.0,1.0,0.0,0.0,1.0,0.0
5.707451555961046,12th,PT.01,3,PA.02,OWN.01,2,OT.02,other,other,electric,electric,electric,SOL.02,1.0,1.0,1.0,1.0,1.0,1.0,1.0,1.0,1.0,1.0,1.0,1.0,1.0,1.0,1.0,1.0,0.0,1.0,1.0,0.0,0.0,1.0,0.0
8.749212779356947,12th,PT.05,4,PA.02,OWN.01,4,OT.05,other,other,electric,other,electric,SOL.02,1.0,1.0,0.0,1.0,0.0,1.0,1.0,0.0,1.0,1.0,0.0,0.0,1.0,2.0,4.0,2.0,0.0,3.0,1.0,0.0,0.0,1.0,0.0
12.997900648890342,12th,PT.01,3,PA.02,OWN.01,2,OT.02,other,other,electric,electric,electric,SOL.02,1.0,1.0,1.0,1.0,1.0,1.0,1.0,1.0,1.0,1.0,1.0,1.0,1.0,1.0,1.0,1.0,0.0,1.0,1.0,0.0,0.0,1.0,0.0
11.667712364706345,12th,PT.01,3,PA.02,OWN.01,2,OT.02,other,other,electric,electric,electric,SOL.02,1.0,1.0,1.0,1.0,1.0,1.0,1.0,1.0,1.0,1.0,1.0,1.0,1.0,1.0,1.0,1.0,0.0,1.0,1.0,0.0,0.0,1.0,0.0
9.215245594839278,12th,PT.01,3,PA.02,OWN.01,2,OT.02,other,other,electric,electric,electric,SOL.02,1.0,1.0,1.0,1.0,1.0,1.0,1.0,1.0,1.0,1.0,1.0,1.0,1.0,1.0,1.0,1.0,0.0,1.0,1.0,0.0,0.0,1.0,0.0
17.639338695115587,12th,PT.01,3,PA.03,OWN.01,2,OT.06,other,other,electric,other,electric,SOL.02,0.0,1.0,2.0,1.0,0.0,1.0,1.0,1.0,0.0,1.0,1.0,1.0,1.0,1.0,1.0,1.0,1.0,1.0,1.0,0.0,0.0,1.0,0.0
20.545567511084748,12th,PT.01,3,PA.02,OWN.01,2,OT.02,other,other,electric,electric,electric,SOL.02,1.0,1.0,1.0,1.0,1.0,1.0,1.0,1.0,1.0,1.0,1.0,1.0,1.0,1.0,1.0,1.0,0.0,1.0,1.0,0.0,0.0,1.0,0.0
15.176883067063816,12th,PT.01,3,PA.02,OWN.01,2,OT.02,other,other,electric,electric,electric,SOL.02,1.0,1.0,1.0,1.0,1.0,1.0,1.0,1.0,1.0,1.0,1.0,1.0,1.0,1.0,1.0,1.0,0.0,1.0,1.0,0.0,0.0,1.0,0.0
14.185950316106135,12th,PT.01,3,PA.02,OWN.01,1,OT.06,other,other,electric,electric,electric,SOL.02,1.0,1.0,0.0,1.0,1.0,1.0,1.0,1.0,1.0,1.0,1.0,1.0,1.0,1.0,1.0,0.0,0.0,1.0,1.0,1.0,0.0,1.0,0.0
2.520209972746504,1th,PT.01,3,PA.02,OWN.01,4,OT.03,other,other,electric,other,electric,SOL.02,0.0,1.0,1.0,1.0,1.0,1.0,0.0,1.0,1.0,1.0,1.0,0.0,0.0,1.0,1.0,0.0,1.0,1.0,1.0,0.0,0.0,1.0,0.0
20.971361652294263,12th,PT.01,3,PA.02,OWN.01,2,OT.02,other,other,electric,electric,electric,SOL.02,1.0,1.0,1.0,1.0,1.0,1.0,1.0,1.0,1.0,1.0,1.0,1.0,1.0,1.0,1.0,1.0,0.0,1.0,1.0,0.0,0.0,1.0,0.0
15.458463874526686,12th,PT.02,3,PA.03,OWN.01,2,OT.06,other,other,electric,electric,electric,SOL.02,0.0,1.0,1.0,1.0,1.0,1.0,0.0,1.0,1.0,1.0,2.0,1.0,1.0,2.0,0.0,0.0,0.0,1.0,0.0,0.0,0.0,1.0,0.0
13.519572233597774,12th,PT.01,2,PA.02,OWN.02,3,OT.06,other,other,electric,other,electric,SOL.02,2.0,2.0,0.0,1.0,0.0,1.0,1.0,0.0,1.0,1.0,1.0,0.0,1.0,2.0,0.0,0.0,0.0,2.0,1.0,0.0,0.0,1.0,0.0
16.393290860334428,12th,PT.01,3,PA.02,OWN.01,2,OT.02,other,other,electric,electric,electric,SOL.02,1.0,1.0,1.0,1.0,1.0,1.0,1.0,1.0,1.0,1.0,1.0,1.0,1.0,1.0,1.0,1.0,0.0,1.0,1.0,0.0,0.0,1.0,0.0
13.361728222658034,12th,PT.05,3,PA.01,OWN.01,2,OT.06,other,other,electric,electric,electric,SOL.02,0.0,0.0,1.0,1.0,1.0,1.0,1.0,1.0,1.0,1.0,1.0,1.0,1.0,4.0,3.0,4.0,2.0,3.0,2.0,0.0,0.0,1.0,0.0
5.472426555847241,1th,PT.01,3,PA.02,OWN.01,2,OT.02,other,other,electric,electric,electric,SOL.02,1.0,1.0,1.0,1.0,1.0,1.0,1.0,1.0,1.0,1.0,1.0,1.0,1.0,1.0,1.0,1.0,0.0,1.0,1.0,0.0,0.0,1.0,0.0
17.506116214280688,12th,PT.01,3,PA.02,OWN.01,2,OT.02,other,other,electric,electric,electric,SOL.02,1.0,1.0,1.0,1.0,1.0,1.0,1.0,1.0,1.0,1.0,1.0,1.0,1.0,1.0,1.0,1.0,0.0,1.0,1.0,0.0,0.0,1.0,0.0
3.393773420803331,12th,PT.01,3,PA.02,OWN.01,2,OT.02,other,other,electric,electric,electric,SOL.02,1.0,1.0,1.0,1.0,1.0,1.0,1.0,1.0,1.0,1.0,1.0,1.0,1.0,1.0,1.0,1.0,0.0,1.0,1.0,0.0,0.0,1.0,0.0
17.245038115514046,12th,PT.01,3,PA.02,OWN.01,2,OT.02,other,other,electric,electric,electric,SOL.02,1.0,1.0,1.0,1.0,1.0,1.0,1.0,1.0,1.0,1.0,1.0,1.0,1.0,1.0,1.0,1.0,0.0,1.0,1.0,0.0,0.0,1.0,0.0
9.928993096551057,12th,PT.01,3,PA.03,OWN.01,2,OT.06,other,other,electric,electric,electric,SOL.02,2.0,1.0,1.0,1.0,1.0,1.0,1.0,1.0,1.0,1.0,1.0,1.0,1.0,1.0,1.0,0.0,0.0,1.0,2.0,0.0,0.0,0.0,1.0
9.969164721715874,12th,PT.01,3,PA.03,OWN.01,2,OT.02,electric,electric,electric,other,electric,SOL.02,2.0,2.0,0.0,1.0,1.0,1.0,1.0,1.0,1.0,1.0,1.0,1.0,1.0,2.0,0.0,0.0,0.0,1.0,1.0,0.0,0.0,1.0,0.0
10.953470919324577,12th,PT.01,3,PA.02,OWN.01,2,OT.02,other,other,electric,electric,electric,SOL.02,1.0,1.0,1.0,1.0,1.0,1.0,1.0,1.0,1.0,1.0,1.0,1.0,1.0,1.0,1.0,1.0,0.0,1.0,1.0,0.0,0.0,1.0,0.0
11.86059229035632,12th,PT.01,3,PA.02,OWN.01,2,OT.02,other,other,electric,electric,electric,SOL.02,1.0,1.0,1.0,1.0,1.0,1.0,1.0,1.0,1.0,1.0,1.0,1.0,1.0,1.0,1.0,1.0,0.0,1.0,1.0,0.0,0.0,1.0,0.0
19.8289890925447,12th,PT.03,3,PA.03,OWN.01,2,OT.06,other,other,electric,other,electric,SOL.02,0.0,1.0,1.0,1.0,0.0,1.0,1.0,1.0,1.0,1.0,1.0,1.0,1.0,2.0,2.0,0.0,1.0,2.0,1.0,0.0,0.0,1.0,0.0
7.181390683687183,12th,PT.01,3,PA.02,OWN.01,2,OT.02,other,other,electric,electric,electric,SOL.02,1.0,1.0,1.0,1.0,1.0,1.0,1.0,1.0,1.0,1.0,1.0,1.0,1.0,1.0,1.0,1.0,0.0,1.0,1.0,0.0,0.0,1.0,0.0
14.920269603813908,12th,PT.06,3,PA.02,OWN.02,4,OT.04,other,other,electric,other,electric,SOL.02,0.0,0.0,1.0,1.0,0.0,1.0,0.0,1.0,1.0,0.0,1.0,1.0,0.0,2.0,1.0,0.0,2.0,2.0,4.0,0.0,0.0,1.0,0.0
1.0010607504359863,12th,PT.01,3,PA.02,OWN.01,2,OT.02,other,other,electric,electric,electric,SOL.02,1.0,1.0,1.0,1.0,1.0,1.0,1.0,1.0,1.0,1.0,1.0,1.0,1.0,1.0,1.0,1.0,0.0,1.0,1.0,0.0,0.0,1.0,0.0
10.837183541476834,12th,PT.01,3,PA.02,OWN.01,2,OT.02,other,other,electric,electric,electric,SOL.02,1.0,1.0,1.0,1.0,1.0,1.0,1.0,1.0,1.0,1.0,1.0,1.0,1.0,1.0,1.0,1.0,0.0,1.0,1.0,0.0,0.0,1.0,0.0
13.617476114388634,12th,PT.04,2,PA.03,OWN.01,5,OT.05,other,other,electric,electric,electric,SOL.02,2.0,1.0,1.0,1.0,1.0,1.0,1.0,1.0,1.0,1.0,1.0,1.0,1.0,2.0,1.0,1.0,2.0,4.0,2.0,1.0,0.0,1.0,0.0
7.432433225023169,12th,PT.01,3,PA.02,OWN.01,2,OT.02,other,other,electric,electric,electric,SOL.02,1.0,1.0,1.0,1.0,1.0,1.0,1.0,1.0,1.0,1.0,1.0,1.0,1.0,1.0,1.0,1.0,0.0,1.0,1.0,0.0,0.0,1.0,0.0
6.858528372879451,1th,PT.01,3,PA.02,OWN.01,2,OT.02,other,other,electric,electric,electric,SOL.02,1.0,1.0,1.0,1.0,1.0,1.0,1.0,1.0,1.0,1.0,1.0,1.0,1.0,1.0,1.0,1.0,0.0,1.0,1.0,0.0,0.0,1.0,0.0
12.87651203951732,12th,PT.01,4,PA.03,OWN.01,2,OT.02,other,electric,electric,other,electric,SOL.02,2.0,1.0,1.0,1.0,0.0,1.0,0.0,1.0,0.0,1.0,1.0,1.0,1.0,1.0,1.0,1.0,0.0,2.0,0.0,2.0,0.0,1.0,0.0
17.609583589508947,12th,PT.01,3,PA.02,OWN.01,2,OT.02,other,other,electric,electric,electric,SOL.02,1.0,1.0,1.0,1.0,1.0,1.0,1.0,1.0,1.0,1.0,1.0,1.0,1.0,1.0,1.0,1.0,0.0,1.0,1.0,0.0,0.0,1.0,0.0
14.0521956724754,12th,PT.01,3,PA.02,OWN.01,2,OT.02,other,other,electric,electric,electric,SOL.02,1.0,1.0,1.0,1.0,1.0,1.0,1.0,1.0,1.0,1.0,1.0,1.0,1.0,1.0,1.0,1.0,0.0,1.0,1.0,0.0,0.0,1.0,0.0
18.851565977228372,12th,PT.01,3,PA.02,OWN.01,2,OT.02,other,other,electric,electric,electric,SOL.02,1.0,1.0,1.0,1.0,1.0,1.0,1.0,1.0,1.0,1.0,1.0,1.0,1.0,1.0,1.0,1.0,0.0,1.0,1.0,0.0,0.0,1.0,0.0
13.601445445952082,12th,PT.01,3,PA.02,OWN.01,2,OT.02,other,other,electric,electric,electric,SOL.02,1.0,1.0,1.0,1.0,1.0,1.0,1.0,1.0,1.0,1.0,1.0,1.0,1.0,1.0,1.0,1.0,0.0,1.0,1.0,0.0,0.0,1.0,0.0
17.845901639344262,12th,PT.01,3,PA.02,OWN.01,2,OT.02,other,other,electric,electric,electric,SOL.02,1.0,1.0,1.0,1.0,1.0,1.0,1.0,1.0,1.0,1.0,1.0,1.0,1.0,1.0,1.0,1.0,0.0,1.0,1.0,0.0,0.0,1.0,0.0
14.583562480904375,12th,PT.01,3,PA.02,OWN.01,2,OT.02,other,other,electric,electric,electric,SOL.02,1.0,1.0,1.0,1.0,1.0,1.0,1.0,1.0,1.0,1.0,1.0,1.0,1.0,1.0,1.0,1.0,0.0,1.0,1.0,0.0,0.0,1.0,0.0
15.244910227996664,12th,PT.01,3,PA.02,OWN.01,2,OT.02,other,other,electric,electric,electric,SOL.02,1.0,1.0,1.0,1.0,1.0,1.0,1.0,1.0,1.0,1.0,1.0,1.0,1.0,1.0,1.0,1.0,0.0,1.0,1.0,0.0,0.0,1.0,0.0
14.54641534249517,12th,PT.05,3,PA.04,OWN.01,4,OT.04,other,other,electric,electric,electric,SOL.02,0.0,1.0,2.0,1.0,1.0,1.0,1.0,1.0,0.0,1.0,1.0,1.0,1.0,2.0,1.0,0.0,0.0,1.0,2.0,0.0,0.0,1.0,0.0
17.49949241119977,12th,PT.01,3,PA.02,OWN.01,2,OT.02,other,other,electric,electric,electric,SOL.02,1.0,1.0,1.0,1.0,1.0,1.0,1.0,1.0,1.0,1.0,1.0,1.0,1.0,1.0,1.0,1.0,0.0,1.0,1.0,0.0,0.0,1.0,0.0
21.59018803343792,12th,PT.01,3,PA.02,OWN.01,2,OT.02,other,other,electric,electric,electric,SOL.02,1.0,1.0,1.0,1.0,1.0,1.0,1.0,1.0,1.0,1.0,1.0,1.0,1.0,1.0,1.0,1.0,0.0,1.0,1.0,0.0,0.0,1.0,0.0
15.032332776857649,12th,PT.01,3,PA.02,OWN.01,2,OT.02,other,other,electric,electric,electric,SOL.02,1.0,1.0,1.0,1.0,1.0,1.0,1.0,1.0,1.0,1.0,1.0,1.0,1.0,1.0,1.0,1.0,0.0,1.0,1.0,0.0,0.0,1.0,0.0
11.044992918790019,12th,PT.01,3,PA.02,OWN.01,2,OT.02,other,other,electric,electric,electric,SOL.02,1.0,1.0,1.0,1.0,1.0,1.0,1.0,1.0,1.0,1.0,1.0,1.0,1.0,1.0,1.0,1.0,0.0,1.0,1.0,0.0,0.0,1.0,0.0
9.841864977018835,12th,PT.01,4,PA.03,OWN.01,3,OT.05,other,other,electric,electric,electric,SOL.02,1.0,1.0,0.0,1.0,1.0,1.0,1.0,1.0,1.0,0.0,1.0,0.0,1.0,2.0,0.0,1.0,0.0,2.0,1.0,0.0,0.0,1.0,0.0
15.878250987887082,12th,PT.06,2,PA.02,OWN.02,4,OT.04,other,other,electric,electric,electric,SOL.02,0.0,0.0,1.0,1.0,1.0,1.0,1.0,1.0,1.0,1.0,1.0,0.0,1.0,1.0,1.0,0.0,1.0,1.0,1.0,0.0,0.0,1.0,0.0
18.574529384158105,12th,PT.01,3,PA.02,OWN.01,2,OT.02,other,other,electric,electric,electric,SOL.02,1.0,1.0,1.0,1.0,1.0,1.0,1.0,1.0,1.0,1.0,1.0,1.0,1.0,1.0,1.0,1.0,0.0,1.0,1.0,0.0,0.0,1.0,0.0
3.222692168081518,1th,PT.01,3,PA.02,OWN.01,2,OT.02,other,other,electric,electric,electric,SOL.02,1.0,1.0,1.0,1.0,1.0,1.0,1.0,1.0,1.0,1.0,1.0,1.0,1.0,1.0,1.0,1.0,0.0,1.0,1.0,0.0,0.0,1.0,0.0
13.574699866003114,12th,PT.01,3,PA.02,OWN.01,2,OT.02,other,other,electric,electric,electric,SOL.02,1.0,1.0,1.0,1.0,1.0,1.0,1.0,1.0,1.0,1.0,1.0,1.0,1.0,1.0,1.0,1.0,0.0,1.0,1.0,0.0,0.0,1.0,0.0
7.56211409731242,12th,PT.01,4,PA.02,OWN.01,3,OT.04,other,other,electric,other,electric,SOL.02,0.0,1.0,1.0,1.0,1.0,1.0,1.0,1.0,1.0,1.0,1.0,1.0,1.0,3.0,1.0,1.0,0.0,2.0,2.0,0.0,0.0,1.0,0.0
10.800181937952884,12th,PT.01,3,PA.02,OWN.01,2,OT.02,other,other,electric,electric,electric,SOL.02,1.0,1.0,1.0,1.0,1.0,1.0,1.0,1.0,1.0,1.0,1.0,1.0,1.0,1.0,1.0,1.0,0.0,1.0,1.0,0.0,0.0,1.0,0.0
11.420050273547243,12th,PT.01,3,PA.02,OWN.01,3,OT.05,other,other,electric,other,electric,SOL.02,2.0,1.0,0.0,1.0,0.0,1.0,1.0,0.0,1.0,1.0,1.0,0.0,1.0,3.0,1.0,2.0,0.0,1.0,2.0,0.0,0.0,1.0,0.0
10.14709586900719,12th,PT.01,3,PA.02,OWN.01,2,OT.02,other,other,electric,electric,electric,SOL.02,1.0,1.0,1.0,1.0,1.0,1.0,1.0,1.0,1.0,1.0,1.0,1.0,1.0,1.0,1.0,1.0,0.0,1.0,1.0,0.0,0.0,1.0,0.0
16.046102008734678,12th,PT.01,3,PA.02,OWN.01,2,OT.02,other,other,electric,electric,electric,SOL.02,1.0,1.0,1.0,1.0,1.0,1.0,1.0,1.0,1.0,1.0,1.0,1.0,1.0,1.0,1.0,1.0,0.0,1.0,1.0,0.0,0.0,1.0,0.0
11.706862550351515,12th,PT.01,3,PA.02,OWN.01,2,OT.02,other,other,electric,electric,electric,SOL.02,1.0,1.0,1.0,1.0,1.0,1.0,1.0,1.0,1.0,1.0,1.0,1.0,1.0,1.0,1.0,1.0,0.0,1.0,1.0,0.0,0.0,1.0,0.0
17.707018631207273,12th,PT.01,3,PA.02,OWN.01,2,OT.02,other,other,electric,other,electric,SOL.02,1.0,1.0,0.0,1.0,1.0,1.0,1.0,1.0,1.0,1.0,1.0,1.0,1.0,1.0,0.0,0.0,0.0,1.0,1.0,0.0,0.0,1.0,0.0
10.588038071079184,12th,PT.01,3,PA.02,OWN.01,2,OT.02,other,other,electric,electric,electric,SOL.02,1.0,1.0,1.0,1.0,1.0,1.0,1.0,1.0,1.0,1.0,1.0,1.0,1.0,1.0,1.0,1.0,0.0,1.0,1.0,0.0,0.0,1.0,0.0
3.5344239945466938,12th,PT.02,3,PA.03,OWN.01,3,OT.04,other,electric,electric,electric,electric,SOL.02,1.0,1.0,1.0,1.0,1.0,1.0,1.0,1.0,1.0,1.0,1.0,1.0,1.0,1.0,1.0,1.0,1.0,2.0,2.0,0.0,0.0,1.0,0.0
14.657966669605852,12th,PT.01,3,PA.02,OWN.01,2,OT.02,other,other,electric,electric,electric,SOL.02,1.0,1.0,1.0,1.0,1.0,1.0,1.0,1.0,1.0,1.0,1.0,1.0,1.0,1.0,1.0,1.0,0.0,1.0,1.0,0.0,0.0,1.0,0.0
7.16002029549271,12th,PT.01,3,PA.02,OWN.01,2,OT.02,other,other,electric,electric,electric,SOL.02,1.0,1.0,1.0,1.0,1.0,1.0,1.0,1.0,1.0,1.0,1.0,1.0,1.0,1.0,1.0,1.0,0.0,1.0,1.0,0.0,0.0,1.0,0.0
14.454699384524414,12th,PT.01,4,PA.03,OWN.01,3,OT.02,other,other,electric,other,electric,SOL.02,1.0,1.0,0.0,1.0,0.0,1.0,1.0,1.0,0.0,1.0,1.0,0.0,1.0,2.0,2.0,0.0,0.0,1.0,0.0,0.0,0.0,1.0,0.0
8.765747389950889,12th,PT.01,3,PA.02,OWN.01,2,OT.02,other,other,electric,electric,electric,SOL.02,1.0,1.0,1.0,1.0,1.0,1.0,1.0,1.0,1.0,1.0,1.0,1.0,1.0,1.0,1.0,1.0,0.0,1.0,1.0,0.0,0.0,1.0,0.0
17.764563338966294,12th,PT.01,3,PA.02,OWN.01,2,OT.02,other,other,electric,electric,electric,SOL.02,1.0,1.0,1.0,1.0,1.0,1.0,1.0,1.0,1.0,1.0,1.0,1.0,1.0,1.0,1.0,1.0,0.0,1.0,1.0,0.0,0.0,1.0,0.0
10.85021714519384,12th,PT.01,4,PA.02,OWN.01,4,OT.04,electric,other,electric,other,electric,SOL.02,1.0,0.0,1.0,1.0,0.0,1.0,1.0,1.0,1.0,1.0,1.0,0.0,1.0,1.0,1.0,0.0,1.0,1.0,1.0,0.0,0.0,1.0,0.0
14.226496241370118,12th,PT.01,3,PA.02,OWN.01,1,OT.02,other,electric,electric,other,electric,SOL.02,0.0,0.0,1.0,1.0,0.0,1.0,1.0,0.0,1.0,1.0,0.0,0.0,0.0,1.0,1.0,1.0,0.0,1.0,1.0,1.0,0.0,1.0,0.0
10.177076923076925,12th,PT.01,4,PA.03,OWN.01,2,OT.02,other,other,electric,electric,electric,SOL.02,1.0,0.0,1.0,1.0,1.0,1.0,1.0,1.0,1.0,1.0,1.0,1.0,1.0,2.0,1.0,2.0,0.0,2.0,2.0,0.0,0.0,1.0,0.0
11.79537733963898,12th,PT.01,3,PA.02,OWN.01,2,OT.02,other,other,electric,electric,electric,SOL.02,1.0,1.0,1.0,1.0,1.0,1.0,1.0,1.0,1.0,1.0,1.0,1.0,1.0,1.0,1.0,1.0,0.0,1.0,1.0,0.0,0.0,1.0,0.0
10.340716291728194,12th,PT.01,3,PA.04,OWN.01,4,OT.04,other,electric,electric,other,electric,SOL.02,1.0,0.0,1.0,1.0,1.0,1.0,1.0,1.0,1.0,1.0,1.0,1.0,1.0,3.0,1.0,0.0,0.0,3.0,2.0,1.0,0.0,1.0,0.0
8.217400699779768,12th,PT.01,4,PA.02,OWN.01,5,OT.02,other,other,electric,other,electric,SOL.02,3.0,1.0,1.0,1.0,0.0,1.0,2.0,2.0,2.0,1.0,1.0,0.0,2.0,3.0,0.0,0.0,1.0,2.0,1.0,0.0,0.0,1.0,0.0
13.821599146558905,12th,PT.01,3,PA.02,OWN.01,2,OT.02,other,other,electric,electric,electric,SOL.02,1.0,1.0,1.0,1.0,1.0,1.0,1.0,1.0,1.0,1.0,1.0,1.0,1.0,1.0,1.0,1.0,0.0,1.0,1.0,0.0,0.0,1.0,0.0
15.399066500214277,12th,PT.01,3,PA.02,OWN.01,2,OT.02,other,other,electric,electric,electric,SOL.02,1.0,1.0,1.0,1.0,1.0,1.0,1.0,1.0,1.0,1.0,1.0,1.0,1.0,1.0,1.0,1.0,0.0,1.0,1.0,0.0,0.0,1.0,0.0
10.615982241953388,12th,PT.06,3,PA.03,OWN.02,3,OT.04,other,electric,electric,other,electric,SOL.02,0.0,0.0,1.0,1.0,0.0,1.0,1.0,1.0,1.0,1.0,1.0,1.0,1.0,2.0,2.0,2.0,1.0,3.0,2.0,1.0,0.0,1.0,0.0
9.777089819347811,12th,PT.01,3,PA.02,OWN.01,2,OT.02,other,other,electric,electric,electric,SOL.02,1.0,1.0,1.0,1.0,1.0,1.0,1.0,1.0,1.0,1.0,1.0,1.0,1.0,1.0,1.0,1.0,0.0,1.0,1.0,0.0,0.0,1.0,0.0
12.598637676990863,12th,PT.01,3,PA.02,OWN.01,2,OT.02,other,other,electric,electric,electric,SOL.02,1.0,1.0,1.0,1.0,1.0,1.0,1.0,1.0,1.0,1.0,1.0,1.0,1.0,1.0,1.0,1.0,0.0,1.0,1.0,0.0,0.0,1.0,0.0
20.90096975321399,12th,PT.01,3,PA.02,OWN.01,2,OT.02,other,other,electric,electric,electric,SOL.02,1.0,1.0,1.0,1.0,1.0,1.0,1.0,1.0,1.0,1.0,1.0,1.0,1.0,1.0,1.0,1.0,0.0,1.0,1.0,0.0,0.0,1.0,0.0
11.685571800908265,12th,PT.01,3,PA.02,OWN.01,2,OT.02,other,other,electric,electric,electric,SOL.02,1.0,1.0,1.0,1.0,1.0,1.0,1.0,1.0,1.0,1.0,1.0,1.0,1.0,1.0,1.0,1.0,0.0,1.0,1.0,0.0,0.0,1.0,0.0
9.720099321993576,12th,PT.06,2,PA.02,OWN.02,1,OT.06,other,electric,electric,other,electric,SOL.02,0.0,0.0,1.0,1.0,0.0,1.0,1.0,0.0,1.0,1.0,1.0,1.0,1.0,2.0,1.0,1.0,1.0,1.0,1.0,1.0,0.0,1.0,0.0
12.496047727386408,12th,PT.01,4,PA.02,OWN.01,4,OT.04,other,other,electric,electric,electric,SOL.02,0.0,1.0,1.0,1.0,1.0,1.0,1.0,1.0,1.0,1.0,1.0,1.0,1.0,1.0,1.0,0.0,0.0,1.0,1.0,0.0,0.0,1.0,0.0
15.707182755979998,12th,PT.01,3,PA.02,OWN.01,2,OT.02,other,other,electric,electric,electric,SOL.02,1.0,1.0,1.0,1.0,1.0,1.0,1.0,1.0,1.0,1.0,1.0,1.0,1.0,1.0,1.0,1.0,0.0,1.0,1.0,0.0,0.0,1.0,0.0
10.996282507005397,12th,PT.06,3,PA.03,OWN.01,2,OT.02,other,electric,electric,other,electric,SOL.02,0.0,1.0,1.0,1.0,1.0,1.0,0.0,1.0,1.0,1.0,1.0,1.0,1.0,2.0,1.0,0.0,0.0,2.0,1.0,1.0,0.0,1.0,0.0
9.207307169709669,12th,PT.01,4,PA.03,OWN.01,2,OT.06,other,other,electric,electric,electric,SOL.02,2.0,1.0,1.0,1.0,1.0,1.0,1.0,1.0,0.0,0.0,1.0,1.0,1.0,3.0,1.0,1.0,0.0,1.0,0.0,0.0,0.0,1.0,0.0
10.592303617198636,12th,PT.01,3,PA.02,OWN.01,2,OT.02,other,other,electric,electric,electric,SOL.02,1.0,1.0,1.0,1.0,1.0,1.0,1.0,1.0,1.0,1.0,1.0,1.0,1.0,1.0,1.0,1.0,0.0,1.0,1.0,0.0,0.0,1.0,0.0
18.61071810377981,12th,PT.01,3,PA.02,OWN.01,2,OT.02,other,other,electric,electric,electric,SOL.02,1.0,1.0,1.0,1.0,1.0,1.0,1.0,1.0,1.0,1.0,1.0,1.0,1.0,1.0,1.0,1.0,0.0,1.0,1.0,0.0,0.0,1.0,0.0
12.1354757722731,12th,PT.05,4,PA.03,OWN.01,3,OT.04,other,other,electric,other,electric,SOL.02,1.0,1.0,1.0,1.0,0.0,1.0,1.0,1.0,1.0,1.0,1.0,1.0,1.0,3.0,1.0,1.0,0.0,1.0,1.0,0.0,0.0,1.0,0.0
1.8561214066832048,12th,PT.06,2,PA.03,OWN.02,2,OT.02,other,other,electric,other,electric,SOL.02,0.0,0.0,1.0,1.0,0.0,1.0,1.0,1.0,1.0,1.0,1.0,0.0,1.0,1.0,0.0,0.0,0.0,1.0,1.0,0.0,0.0,1.0,0.0
15.93983575924469,12th,PT.06,2,PA.02,OWN.01,2,OT.02,other,electric,electric,electric,electric,SOL.02,1.0,1.0,0.0,1.0,1.0,1.0,1.0,1.0,0.0,1.0,1.0,0.0,1.0,1.0,1.0,1.0,2.0,1.0,1.0,1.0,0.0,1.0,0.0
5.663168437968514,1th,PT.01,3,PA.02,OWN.01,2,OT.02,other,other,electric,electric,electric,SOL.02,1.0,1.0,1.0,1.0,1.0,1.0,1.0,1.0,1.0,1.0,1.0,1.0,1.0,1.0,1.0,1.0,0.0,1.0,1.0,0.0,0.0,1.0,0.0
11.082514037614546,12th,PT.01,3,PA.02,OWN.01,2,OT.02,other,other,electric,electric,electric,SOL.02,1.0,1.0,1.0,1.0,1.0,1.0,1.0,1.0,1.0,1.0,1.0,1.0,1.0,1.0,1.0,1.0,0.0,1.0,1.0,0.0,0.0,1.0,0.0
9.928866690524721,12th,PT.01,3,PA.02,OWN.01,2,OT.02,other,other,electric,electric,electric,SOL.02,1.0,1.0,1.0,1.0,1.0,1.0,1.0,1.0,1.0,1.0,1.0,1.0,1.0,1.0,1.0,1.0,0.0,1.0,1.0,0.0,0.0,1.0,0.0
19.17086171157833,12th,PT.06,2,PA.02,OWN.02,1,OT.06,other,other,electric,electric,electric,SOL.02,0.0,0.0,1.0,1.0,1.0,1.0,0.0,1.0,0.0,0.0,1.0,0.0,0.0,1.0,0.0,1.0,1.0,1.0,0.0,1.0,0.0,1.0,0.0
16.347943020655794,12th,PT.01,3,PA.02,OWN.01,2,OT.02,other,other,electric,electric,electric,SOL.02,1.0,1.0,1.0,1.0,1.0,1.0,1.0,1.0,1.0,1.0,1.0,1.0,1.0,1.0,1.0,1.0,0.0,1.0,1.0,0.0,0.0,1.0,0.0
14.991549880618708,12th,PT.06,3,PA.03,OWN.01,2,OT.02,other,other,electric,electric,electric,SOL.02,1.0,0.0,1.0,1.0,1.0,1.0,1.0,1.0,1.0,1.0,1.0,1.0,1.0,1.0,1.0,1.0,0.0,1.0,1.0,0.0,0.0,1.0,0.0
20.39355521702084,12th,PT.01,3,PA.02,OWN.01,2,OT.02,other,other,electric,electric,electric,SOL.02,1.0,1.0,1.0,1.0,1.0,1.0,1.0,1.0,1.0,1.0,1.0,1.0,1.0,1.0,1.0,1.0,0.0,1.0,1.0,0.0,0.0,1.0,0.0
18.143113583731857,12th,PT.01,3,PA.02,OWN.01,2,OT.02,other,other,electric,electric,electric,SOL.02,1.0,1.0,1.0,1.0,1.0,1.0,1.0,1.0,1.0,1.0,1.0,1.0,1.0,1.0,1.0,1.0,0.0,1.0,1.0,0.0,0.0,1.0,0.0
12.189018405797801,12th,PT.01,3,PA.02,OWN.01,2,OT.02,other,other,electric,electric,electric,SOL.02,1.0,1.0,1.0,1.0,1.0,1.0,1.0,1.0,1.0,1.0,1.0,1.0,1.0,1.0,1.0,1.0,0.0,1.0,1.0,0.0,0.0,1.0,0.0
8.051026036289581,12th,PT.01,3,PA.02,OWN.01,2,OT.02,other,other,electric,electric,electric,SOL.02,1.0,1.0,1.0,1.0,1.0,1.0,1.0,1.0,1.0,1.0,1.0,1.0,1.0,1.0,1.0,1.0,0.0,1.0,1.0,0.0,0.0,1.0,0.0
14.284039499195886,12th,PT.01,3,PA.04,OWN.01,4,OT.05,other,other,electric,other,electric,SOL.02,2.0,1.0,0.0,1.0,0.0,1.0,1.0,1.0,1.0,1.0,1.0,1.0,1.0,4.0,1.0,1.0,1.0,1.0,2.0,0.0,0.0,1.0,0.0
2.0196033258634047,12th,PT.01,3,PA.02,OWN.01,2,OT.02,other,other,electric,electric,electric,SOL.02,1.0,1.0,1.0,1.0,1.0,1.0,1.0,1.0,1.0,1.0,1.0,1.0,1.0,1.0,1.0,1.0,0.0,1.0,1.0,0.0,0.0,1.0,0.0
10.460794609258773,12th,PT.01,3,PA.02,OWN.01,2,OT.02,other,other,electric,electric,electric,SOL.02,1.0,1.0,1.0,1.0,1.0,1.0,1.0,1.0,1.0,1.0,1.0,1.0,1.0,1.0,1.0,1.0,0.0,1.0,1.0,0.0,0.0,1.0,0.0
11.98997724870257,12th,PT.01,3,PA.02,OWN.01,2,OT.02,other,other,electric,electric,electric,SOL.02,1.0,1.0,1.0,1.0,1.0,1.0,1.0,1.0,1.0,1.0,1.0,1.0,1.0,1.0,1.0,1.0,0.0,1.0,1.0,0.0,0.0,1.0,0.0
12.211810833218186,12th,PT.01,3,PA.02,OWN.01,2,OT.02,other,other,electric,electric,electric,SOL.02,1.0,1.0,1.0,1.0,1.0,1.0,1.0,1.0,1.0,1.0,1.0,1.0,1.0,1.0,1.0,1.0,0.0,1.0,1.0,0.0,0.0,1.0,0.0
17.94597718290955,12th,PT.06,2,PA.03,OWN.02,1,OT.02,other,other,electric,other,electric,SOL.02,0.0,0.0,1.0,1.0,0.0,1.0,1.0,1.0,1.0,1.0,1.0,0.0,1.0,1.0,1.0,1.0,0.0,1.0,0.0,1.0,0.0,1.0,0.0
8.088869925636963,12th,PT.01,3,PA.02,OWN.01,2,OT.02,other,other,electric,electric,electric,SOL.02,1.0,1.0,1.0,1.0,1.0,1.0,1.0,1.0,1.0,1.0,1.0,1.0,1.0,1.0,1.0,1.0,0.0,1.0,1.0,0.0,0.0,1.0,0.0
10.946826272323424,12th,PT.01,4,PA.03,OWN.01,2,OT.06,other,electric,electric,electric,electric,SOL.02,1.0,1.0,1.0,1.0,1.0,1.0,1.0,1.0,1.0,1.0,1.0,1.0,1.0,3.0,1.0,0.0,0.0,2.0,1.0,1.0,0.0,1.0,0.0
14.244568772354667,12th,PT.01,3,PA.02,OWN.01,2,OT.02,other,other,electric,electric,electric,SOL.02,1.0,1.0,1.0,1.0,1.0,1.0,1.0,1.0,1.0,1.0,1.0,1.0,1.0,1.0,1.0,1.0,0.0,1.0,1.0,0.0,0.0,1.0,0.0
11.014262122804382,12th,PT.01,3,PA.02,OWN.01,2,OT.02,other,other,electric,electric,electric,SOL.02,1.0,1.0,1.0,1.0,1.0,1.0,1.0,1.0,1.0,1.0,1.0,1.0,1.0,1.0,1.0,1.0,0.0,1.0,1.0,0.0,0.0,1.0,0.0
5.471757607028708,12th,PT.01,3,PA.02,OWN.01,2,OT.02,other,other,electric,electric,electric,SOL.02,1.0,1.0,1.0,1.0,1.0,1.0,1.0,1.0,1.0,1.0,1.0,1.0,1.0,1.0,1.0,1.0,0.0,1.0,1.0,0.0,0.0,1.0,0.0
10.69092331768388,12th,PT.01,4,PA.04,OWN.01,2,OT.04,other,other,electric,other,electric,SOL.02,1.0,1.0,0.0,1.0,0.0,1.0,1.0,1.0,1.0,1.0,1.0,1.0,1.0,1.0,1.0,1.0,0.0,2.0,0.0,0.0,0.0,1.0,0.0
18.140517659632813,12th,PT.01,3,PA.02,OWN.01,2,OT.02,other,other,electric,electric,electric,SOL.02,1.0,1.0,1.0,1.0,1.0,1.0,1.0,1.0,1.0,1.0,1.0,1.0,1.0,1.0,1.0,1.0,0.0,1.0,1.0,0.0,0.0,1.0,0.0
10.411139044672213,12th,PT.03,3,PA.02,OWN.01,1,OT.02,other,other,electric,other,electric,SOL.02,0.0,0.0,1.0,1.0,0.0,1.0,1.0,1.0,0.0,1.0,1.0,1.0,1.0,2.0,1.0,1.0,0.0,1.0,1.0,0.0,0.0,1.0,0.0
14.976933808810804,12th,PT.01,3,PA.02,OWN.01,2,OT.02,other,other,electric,electric,electric,SOL.02,1.0,1.0,1.0,1.0,1.0,1.0,1.0,1.0,1.0,1.0,1.0,1.0,1.0,1.0,1.0,1.0,0.0,1.0,1.0,0.0,0.0,1.0,0.0
13.525381614411552,12th,PT.01,3,PA.02,OWN.01,2,OT.02,other,other,electric,electric,electric,SOL.02,1.0,1.0,1.0,1.0,1.0,1.0,1.0,1.0,1.0,1.0,1.0,1.0,1.0,1.0,1.0,1.0,0.0,1.0,1.0,0.0,0.0,1.0,0.0
12.768245213858535,12th,PT.01,3,PA.02,OWN.01,2,OT.02,other,other,electric,electric,electric,SOL.02,1.0,1.0,1.0,1.0,1.0,1.0,1.0,1.0,1.0,1.0,1.0,1.0,1.0,1.0,1.0,1.0,0.0,1.0,1.0,0.0,0.0,1.0,0.0
5.513022789640474,1th,PT.01,3,PA.02,OWN.01,2,OT.02,other,other,electric,electric,electric,SOL.02,1.0,1.0,1.0,1.0,1.0,1.0,1.0,1.0,1.0,1.0,1.0,1.0,1.0,1.0,1.0,1.0,0.0,1.0,1.0,0.0,0.0,1.0,0.0
6.144464916991306,12th,PT.01,3,PA.02,OWN.01,2,OT.02,other,other,electric,electric,electric,SOL.02,1.0,1.0,1.0,1.0,1.0,1.0,1.0,1.0,1.0,1.0,1.0,1.0,1.0,1.0,1.0,1.0,0.0,1.0,1.0,0.0,0.0,1.0,0.0
13.086193868739205,12th,PT.01,3,PA.02,OWN.01,2,OT.02,other,other,electric,electric,electric,SOL.02,1.0,1.0,1.0,1.0,1.0,1.0,1.0,1.0,1.0,1.0,1.0,1.0,1.0,1.0,1.0,1.0,0.0,1.0,1.0,0.0,0.0,1.0,0.0
20.825207749847287,12th,PT.01,3,PA.02,OWN.01,2,OT.02,other,other,electric,electric,electric,SOL.02,1.0,1.0,1.0,1.0,1.0,1.0,1.0,1.0,1.0,1.0,1.0,1.0,1.0,1.0,1.0,1.0,0.0,1.0,1.0,0.0,0.0,1.0,0.0
15.804865054328776,12th,PT.01,3,PA.02,OWN.01,2,OT.02,other,other,electric,electric,electric,SOL.02,1.0,1.0,1.0,1.0,1.0,1.0,1.0,1.0,1.0,1.0,1.0,1.0,1.0,1.0,1.0,1.0,0.0,1.0,1.0,0.0,0.0,1.0,0.0
12.289998507192475,12th,PT.01,3,PA.02,OWN.01,2,OT.02,other,other,electric,electric,electric,SOL.02,1.0,1.0,1.0,1.0,1.0,1.0,1.0,1.0,1.0,1.0,1.0,1.0,1.0,1.0,1.0,1.0,0.0,1.0,1.0,0.0,0.0,1.0,0.0
1.7253257502386887,1th,PT.01,3,PA.02,OWN.01,2,OT.02,other,other,electric,electric,electric,SOL.02,1.0,1.0,1.0,1.0,1.0,1.0,1.0,1.0,1.0,1.0,1.0,1.0,1.0,1.0,1.0,1.0,0.0,1.0,1.0,0.0,0.0,1.0,0.0
16.520501450703453,12th,PT.01,3,PA.02,OWN.01,2,OT.02,other,other,electric,electric,electric,SOL.02,1.0,1.0,1.0,1.0,1.0,1.0,1.0,1.0,1.0,1.0,1.0,1.0,1.0,1.0,1.0,1.0,0.0,1.0,1.0,0.0,0.0,1.0,0.0
9.599436746695227,12th,PT.01,3,PA.02,OWN.01,2,OT.02,other,other,electric,electric,electric,SOL.02,1.0,1.0,1.0,1.0,1.0,1.0,1.0,1.0,1.0,1.0,1.0,1.0,1.0,1.0,1.0,1.0,0.0,1.0,1.0,0.0,0.0,1.0,0.0
11.768108962485487,12th,PT.01,1,PA.03,OWN.01,2,OT.02,other,other,other,other,other,SOL.02,0.0,0.0,2.0,0.0,0.0,0.0,1.0,1.0,1.0,0.0,1.0,1.0,1.0,3.0,0.0,0.0,0.0,2.0,2.0,0.0,0.0,1.0,0.0
8.206601767015707,12th,PT.01,3,PA.02,OWN.01,2,OT.02,other,other,electric,electric,electric,SOL.02,1.0,1.0,1.0,1.0,1.0,1.0,1.0,1.0,1.0,1.0,1.0,1.0,1.0,1.0,1.0,1.0,0.0,1.0,1.0,0.0,0.0,1.0,0.0
15.790530637631965,12th,PT.04,3,PA.02,OWN.01,2,OT.06,other,electric,electric,other,electric,SOL.02,1.0,1.0,1.0,1.0,0.0,1.0,0.0,1.0,1.0,1.0,1.0,1.0,1.0,1.0,0.0,0.0,0.0,1.0,1.0,1.0,0.0,1.0,0.0
16.553724283868892,12th,PT.01,3,PA.02,OWN.01,2,OT.02,other,other,electric,electric,electric,SOL.02,1.0,1.0,1.0,1.0,1.0,1.0,1.0,1.0,1.0,1.0,1.0,1.0,1.0,1.0,1.0,1.0,0.0,1.0,1.0,0.0,0.0,1.0,0.0
17.777301450136374,12th,PT.02,3,PA.03,OWN.01,5,OT.04,other,other,electric,other,electric,SOL.02,0.0,0.0,1.0,1.0,0.0,1.0,1.0,1.0,1.0,1.0,1.0,1.0,0.0,2.0,0.0,0.0,1.0,1.0,1.0,0.0,0.0,1.0,0.0
19.927394219871555,12th,PT.01,3,PA.02,OWN.01,2,OT.02,other,other,electric,electric,electric,SOL.02,1.0,1.0,1.0,1.0,1.0,1.0,1.0,1.0,1.0,1.0,1.0,1.0,1.0,1.0,1.0,1.0,0.0,1.0,1.0,0.0,0.0,1.0,0.0
16.039604490436144,12th,PT.01,3,PA.02,OWN.01,2,OT.02,other,other,electric,electric,electric,SOL.02,1.0,1.0,1.0,1.0,1.0,1.0,1.0,1.0,1.0,1.0,1.0,1.0,1.0,1.0,1.0,1.0,0.0,1.0,1.0,0.0,0.0,1.0,0.0
15.206487248795392,12th,PT.01,3,PA.02,OWN.01,2,OT.02,other,other,electric,electric,electric,SOL.02,1.0,1.0,1.0,1.0,1.0,1.0,1.0,1.0,1.0,1.0,1.0,1.0,1.0,1.0,1.0,1.0,0.0,1.0,1.0,0.0,0.0,1.0,0.0
12.009646793051864,12th,PT.01,3,PA.02,OWN.01,2,OT.02,other,other,electric,electric,electric,SOL.02,1.0,1.0,1.0,1.0,1.0,1.0,1.0,1.0,1.0,1.0,1.0,1.0,1.0,1.0,1.0,1.0,0.0,1.0,1.0,0.0,0.0,1.0,0.0
12.141690600889792,12th,PT.02,3,PA.03,OWN.01,2,OT.04,other,other,electric,other,electric,SOL.02,1.0,1.0,1.0,1.0,1.0,1.0,1.0,1.0,1.0,1.0,1.0,0.0,0.0,1.0,1.0,1.0,1.0,3.0,1.0,0.0,0.0,1.0,0.0
13.256716793556912,12th,PT.01,3,PA.02,OWN.01,2,OT.02,other,other,electric,electric,electric,SOL.02,1.0,1.0,1.0,1.0,1.0,1.0,1.0,1.0,1.0,1.0,1.0,1.0,1.0,1.0,1.0,1.0,0.0,1.0,1.0,0.0,0.0,1.0,0.0
21.27799362289328,12th,PT.02,2,PA.02,OWN.02,2,OT.02,other,other,electric,other,electric,SOL.02,2.0,1.0,0.0,1.0,0.0,1.0,0.0,1.0,1.0,1.0,1.0,0.0,1.0,1.0,1.0,0.0,0.0,1.0,1.0,0.0,0.0,1.0,0.0
11.05805543679635,12th,PT.01,3,PA.03,OWN.01,2,OT.02,other,other,electric,electric,electric,SOL.02,2.0,1.0,0.0,1.0,1.0,1.0,1.0,1.0,1.0,1.0,1.0,0.0,1.0,1.0,1.0,1.0,1.0,1.0,1.0,0.0,0.0,1.0,0.0
2.8831632814500097,12th,PT.01,3,PA.02,OWN.01,2,OT.02,other,other,electric,electric,electric,SOL.02,1.0,1.0,1.0,1.0,1.0,1.0,1.0,1.0,1.0,1.0,1.0,1.0,1.0,1.0,1.0,1.0,0.0,1.0,1.0,0.0,0.0,1.0,0.0
24.074322425728663,12th,PT.01,3,PA.02,OWN.01,2,OT.02,other,other,electric,electric,electric,SOL.02,1.0,1.0,1.0,1.0,1.0,1.0,1.0,1.0,1.0,1.0,1.0,1.0,1.0,1.0,1.0,1.0,0.0,1.0,1.0,0.0,0.0,1.0,0.0
5.0353510171519735,12th,PT.01,3,PA.02,OWN.01,2,OT.02,other,other,electric,electric,electric,SOL.02,1.0,1.0,1.0,1.0,1.0,1.0,1.0,1.0,1.0,1.0,1.0,1.0,1.0,1.0,1.0,1.0,0.0,1.0,1.0,0.0,0.0,1.0,0.0
9.98690178642237,12th,PT.01,4,PA.02,OWN.01,3,OT.04,other,other,electric,electric,electric,SOL.02,1.0,1.0,0.0,1.0,1.0,1.0,1.0,1.0,1.0,1.0,1.0,1.0,1.0,2.0,1.0,0.0,1.0,1.0,1.0,0.0,0.0,1.0,0.0
13.612209759114693,12th,PT.01,3,PA.02,OWN.01,2,OT.02,other,other,electric,electric,electric,SOL.02,1.0,1.0,1.0,1.0,1.0,1.0,1.0,1.0,1.0,1.0,1.0,1.0,1.0,1.0,1.0,1.0,0.0,1.0,1.0,0.0,0.0,1.0,0.0
17.476257593292235,12th,PT.01,3,PA.02,OWN.01,2,OT.02,other,other,electric,electric,electric,SOL.02,1.0,1.0,1.0,1.0,1.0,1.0,1.0,1.0,1.0,1.0,1.0,1.0,1.0,1.0,1.0,1.0,0.0,1.0,1.0,0.0,0.0,1.0,0.0
6.217173693641738,12th,PT.02,3,PA.03,OWN.01,2,OT.06,other,other,electric,electric,electric,SOL.02,0.0,0.0,1.0,1.0,1.0,1.0,1.0,1.0,1.0,1.0,1.0,0.0,1.0,2.0,2.0,2.0,1.0,1.0,0.0,0.0,0.0,0.0,1.0
6.207576850215409,12th,PT.01,3,PA.02,OWN.01,2,OT.02,other,other,electric,electric,electric,SOL.02,1.0,1.0,1.0,1.0,1.0,1.0,1.0,1.0,1.0,1.0,1.0,1.0,1.0,1.0,1.0,1.0,0.0,1.0,1.0,0.0,0.0,1.0,0.0
10.325494975920089,12th,PT.01,3,PA.02,OWN.01,2,OT.02,other,other,electric,electric,electric,SOL.02,1.0,1.0,1.0,1.0,1.0,1.0,1.0,1.0,1.0,1.0,1.0,1.0,1.0,1.0,1.0,1.0,0.0,1.0,1.0,0.0,0.0,1.0,0.0
16.549198513098542,12th,PT.01,3,PA.02,OWN.01,2,OT.02,other,other,electric,electric,electric,SOL.02,1.0,1.0,1.0,1.0,1.0,1.0,1.0,1.0,1.0,1.0,1.0,1.0,1.0,1.0,1.0,1.0,0.0,1.0,1.0,0.0,0.0,1.0,0.0
15.875243432296012,12th,PT.01,2,PA.02,OWN.02,2,OT.06,other,other,electric,other,electric,SOL.02,0.0,1.0,1.0,1.0,0.0,1.0,1.0,0.0,1.0,1.0,1.0,0.0,1.0,1.0,2.0,0.0,0.0,3.0,1.0,0.0,0.0,1.0,0.0
9.414315498276062,12th,PT.01,3,PA.02,OWN.01,2,OT.02,other,other,electric,electric,electric,SOL.02,1.0,1.0,1.0,1.0,1.0,1.0,1.0,1.0,1.0,1.0,1.0,1.0,1.0,1.0,1.0,1.0,0.0,1.0,1.0,0.0,0.0,1.0,0.0
7.053636468197674,12th,PT.01,3,PA.02,OWN.01,2,OT.02,other,other,electric,electric,electric,SOL.02,1.0,1.0,1.0,1.0,1.0,1.0,1.0,1.0,1.0,1.0,1.0,1.0,1.0,1.0,1.0,1.0,0.0,1.0,1.0,0.0,0.0,1.0,0.0
13.849055038465345,12th,PT.04,2,PA.02,OWN.01,2,OT.06,other,electric,electric,electric,electric,SOL.02,0.0,2.0,1.0,1.0,1.0,1.0,1.0,1.0,1.0,1.0,1.0,1.0,1.0,2.0,1.0,1.0,0.0,2.0,1.0,1.0,0.0,1.0,0.0
15.406118901681976,12th,PT.01,3,PA.02,OWN.01,2,OT.02,other,other,electric,electric,electric,SOL.02,1.0,1.0,1.0,1.0,1.0,1.0,1.0,1.0,1.0,1.0,1.0,1.0,1.0,1.0,1.0,1.0,0.0,1.0,1.0,0.0,0.0,1.0,0.0
12.815208049846024,12th,PT.01,3,PA.02,OWN.01,2,OT.02,other,other,electric,electric,electric,SOL.02,1.0,1.0,1.0,1.0,1.0,1.0,1.0,1.0,1.0,1.0,1.0,1.0,1.0,1.0,1.0,1.0,0.0,1.0,1.0,0.0,0.0,1.0,0.0
13.83160667731324,12th,PT.01,3,PA.03,OWN.01,2,OT.02,other,other,electric,electric,electric,SOL.02,1.0,1.0,1.0,1.0,1.0,1.0,0.0,1.0,0.0,1.0,1.0,0.0,1.0,2.0,1.0,0.0,0.0,1.0,1.0,0.0,0.0,1.0,0.0
12.235022760526745,12th,PT.01,3,PA.02,OWN.01,2,OT.02,other,other,electric,electric,electric,SOL.02,1.0,1.0,1.0,1.0,1.0,1.0,1.0,1.0,1.0,1.0,1.0,1.0,1.0,1.0,1.0,1.0,0.0,1.0,1.0,0.0,0.0,1.0,0.0
0.7402073291434419,1th,PT.01,3,PA.02,OWN.01,2,OT.02,other,other,electric,electric,electric,SOL.02,1.0,1.0,1.0,1.0,1.0,1.0,1.0,1.0,1.0,1.0,1.0,1.0,1.0,1.0,1.0,1.0,0.0,1.0,1.0,0.0,0.0,1.0,0.0
14.421990301145104,12th,PT.01,3,PA.02,OWN.01,2,OT.02,other,other,electric,electric,electric,SOL.02,1.0,1.0,1.0,1.0,1.0,1.0,1.0,1.0,1.0,1.0,1.0,1.0,1.0,1.0,1.0,1.0,0.0,1.0,1.0,0.0,0.0,1.0,0.0
14.740448836575768,12th,PT.01,3,PA.02,OWN.01,2,OT.02,other,other,electric,electric,electric,SOL.02,1.0,1.0,1.0,1.0,1.0,1.0,1.0,1.0,1.0,1.0,1.0,1.0,1.0,1.0,1.0,1.0,0.0,1.0,1.0,0.0,0.0,1.0,0.0
14.139967699405195,12th,PT.01,3,PA.02,OWN.01,2,OT.02,other,other,electric,electric,electric,SOL.02,1.0,1.0,1.0,1.0,1.0,1.0,1.0,1.0,1.0,1.0,1.0,1.0,1.0,1.0,1.0,1.0,0.0,1.0,1.0,0.0,0.0,1.0,0.0
15.56055695976876,12th,PT.01,3,PA.02,OWN.01,2,OT.02,other,other,electric,electric,electric,SOL.02,1.0,1.0,1.0,1.0,1.0,1.0,1.0,1.0,1.0,1.0,1.0,1.0,1.0,1.0,1.0,1.0,0.0,1.0,1.0,0.0,0.0,1.0,0.0
16.810981589269897,12th,PT.01,3,PA.02,OWN.01,2,OT.02,other,other,electric,electric,electric,SOL.02,1.0,1.0,1.0,1.0,1.0,1.0,1.0,1.0,1.0,1.0,1.0,1.0,1.0,1.0,1.0,1.0,0.0,1.0,1.0,0.0,0.0,1.0,0.0
11.31162613036758,12th,PT.01,3,PA.02,OWN.01,2,OT.02,other,other,electric,electric,electric,SOL.02,1.0,1.0,1.0,1.0,1.0,1.0,1.0,1.0,1.0,1.0,1.0,1.0,1.0,1.0,1.0,1.0,0.0,1.0,1.0,0.0,0.0,1.0,0.0
17.264352956895088,12th,PT.01,3,PA.03,OWN.01,2,OT.06,other,other,electric,other,electric,SOL.02,2.0,1.0,0.0,1.0,0.0,1.0,1.0,1.0,1.0,1.0,1.0,1.0,1.0,1.0,1.0,0.0,0.0,2.0,1.0,0.0,0.0,1.0,0.0
14.21047917599642,12th,PT.03,4,PA.03,OWN.01,4,OT.05,other,other,electric,electric,electric,SOL.02,2.0,2.0,0.0,1.0,1.0,1.0,1.0,1.0,1.0,1.0,1.0,0.0,1.0,3.0,2.0,0.0,2.0,5.0,1.0,0.0,0.0,1.0,0.0
19.087532991067256,12th,PT.01,3,PA.02,OWN.01,2,OT.02,other,other,electric,electric,electric,SOL.02,1.0,1.0,1.0,1.0,1.0,1.0,1.0,1.0,1.0,1.0,1.0,1.0,1.0,1.0,1.0,1.0,0.0,1.0,1.0,0.0,0.0,1.0,0.0
16.153669590096992,12th,PT.01,3,PA.02,OWN.01,2,OT.02,other,other,electric,electric,electric,SOL.02,1.0,1.0,1.0,1.0,1.0,1.0,1.0,1.0,1.0,1.0,1.0,1.0,1.0,1.0,1.0,1.0,0.0,1.0,1.0,0.0,0.0,1.0,0.0
8.286330964549693,12th,PT.01,3,PA.02,OWN.01,2,OT.02,other,other,electric,electric,electric,SOL.02,1.0,1.0,1.0,1.0,1.0,1.0,1.0,1.0,1.0,1.0,1.0,1.0,1.0,1.0,1.0,1.0,0.0,1.0,1.0,0.0,0.0,1.0,0.0
0.6325425757658196,1th,PT.01,3,PA.02,OWN.01,2,OT.02,other,other,electric,electric,electric,SOL.02,1.0,1.0,1.0,1.0,1.0,1.0,1.0,1.0,1.0,1.0,1.0,1.0,1.0,1.0,1.0,1.0,0.0,1.0,1.0,0.0,0.0,1.0,0.0
15.799091687719073,12th,PT.01,3,PA.02,OWN.01,2,OT.02,other,other,electric,electric,electric,SOL.02,1.0,1.0,1.0,1.0,1.0,1.0,1.0,1.0,1.0,1.0,1.0,1.0,1.0,1.0,1.0,1.0,0.0,1.0,1.0,0.0,0.0,1.0,0.0
12.12688879099469,12th,PT.01,3,PA.02,OWN.01,2,OT.02,other,other,electric,electric,electric,SOL.02,1.0,1.0,1.0,1.0,1.0,1.0,1.0,1.0,1.0,1.0,1.0,1.0,1.0,1.0,1.0,1.0,0.0,1.0,1.0,0.0,0.0,1.0,0.0
14.41316545923184,12th,PT.01,3,PA.02,OWN.01,2,OT.02,other,other,electric,electric,electric,SOL.02,1.0,1.0,1.0,1.0,1.0,1.0,1.0,1.0,1.0,1.0,1.0,1.0,1.0,1.0,1.0,1.0,0.0,1.0,1.0,0.0,0.0,1.0,0.0
14.00296038102969,12th,PT.01,3,PA.02,OWN.01,2,OT.02,other,other,electric,electric,electric,SOL.02,1.0,1.0,1.0,1.0,1.0,1.0,1.0,1.0,1.0,1.0,1.0,1.0,1.0,1.0,1.0,1.0,0.0,1.0,1.0,0.0,0.0,1.0,0.0
19.62016123487349,12th,PT.06,2,PA.02,OWN.01,2,OT.02,other,other,electric,other,electric,SOL.02,1.0,2.0,0.0,1.0,0.0,1.0,1.0,1.0,1.0,1.0,1.0,1.0,1.0,1.0,1.0,0.0,0.0,2.0,0.0,0.0,0.0,1.0,0.0
8.749357748018586,12th,PT.01,4,PA.03,OWN.01,5,OT.05,other,other,electric,electric,electric,SOL.02,2.0,1.0,2.0,1.0,1.0,1.0,1.0,2.0,1.0,1.0,1.0,0.0,1.0,4.0,2.0,1.0,1.0,3.0,3.0,0.0,0.0,1.0,0.0
13.0341691901353,12th,PT.06,3,PA.03,OWN.01,3,OT.05,other,electric,electric,electric,electric,SOL.02,1.0,1.0,1.0,1.0,1.0,1.0,1.0,0.0,1.0,1.0,1.0,1.0,1.0,1.0,1.0,0.0,0.0,1.0,1.0,1.0,0.0,1.0,0.0
9.812247697233284,12th,PT.01,3,PA.02,OWN.01,2,OT.02,other,other,electric,electric,electric,SOL.02,1.0,1.0,1.0,1.0,1.0,1.0,1.0,1.0,1.0,1.0,1.0,1.0,1.0,1.0,1.0,1.0,0.0,1.0,1.0,0.0,0.0,1.0,0.0
10.5801064981495,12th,PT.01,3,PA.02,OWN.01,2,OT.02,other,other,electric,electric,electric,SOL.02,1.0,1.0,1.0,1.0,1.0,1.0,1.0,1.0,1.0,1.0,1.0,1.0,1.0,1.0,1.0,1.0,0.0,1.0,1.0,0.0,0.0,1.0,0.0
13.811892365268436,12th,PT.01,3,PA.02,OWN.01,2,OT.02,other,other,electric,electric,electric,SOL.02,1.0,1.0,1.0,1.0,1.0,1.0,1.0,1.0,1.0,1.0,1.0,1.0,1.0,1.0,1.0,1.0,0.0,1.0,1.0,0.0,0.0,1.0,0.0
10.44951971311412,12th,PT.01,3,PA.02,OWN.01,2,OT.02,other,other,electric,electric,electric,SOL.02,1.0,1.0,1.0,1.0,1.0,1.0,1.0,1.0,1.0,1.0,1.0,1.0,1.0,1.0,1.0,1.0,0.0,1.0,1.0,0.0,0.0,1.0,0.0
9.069827250483126,12th,PT.01,3,PA.02,OWN.01,2,OT.02,other,other,electric,electric,electric,SOL.02,1.0,1.0,1.0,1.0,1.0,1.0,1.0,1.0,1.0,1.0,1.0,1.0,1.0,1.0,1.0,1.0,0.0,1.0,1.0,0.0,0.0,1.0,0.0
13.262734454514609,12th,PT.01,3,PA.02,OWN.01,2,OT.02,other,other,electric,electric,electric,SOL.02,1.0,1.0,1.0,1.0,1.0,1.0,1.0,1.0,1.0,1.0,1.0,1.0,1.0,1.0,1.0,1.0,0.0,1.0,1.0,0.0,0.0,1.0,0.0
14.19880055823076,12th,PT.01,3,PA.02,OWN.01,2,OT.02,other,other,electric,electric,electric,SOL.02,1.0,1.0,1.0,1.0,1.0,1.0,1.0,1.0,1.0,1.0,1.0,1.0,1.0,1.0,1.0,1.0,0.0,1.0,1.0,0.0,0.0,1.0,0.0
16.737039762490802,12th,PT.01,3,PA.02,OWN.01,2,OT.02,other,other,electric,electric,electric,SOL.02,1.0,1.0,1.0,1.0,1.0,1.0,1.0,1.0,1.0,1.0,1.0,1.0,1.0,1.0,1.0,1.0,0.0,1.0,1.0,0.0,0.0,1.0,0.0
17.40824395585264,12th,PT.01,3,PA.03,OWN.01,2,OT.02,other,other,electric,other,electric,SOL.02,1.0,1.0,1.0,1.0,0.0,1.0,1.0,1.0,1.0,1.0,1.0,1.0,1.0,2.0,1.0,0.0,0.0,1.0,2.0,0.0,0.0,1.0,0.0
12.221064548654724,12th,PT.01,3,PA.02,OWN.01,2,OT.02,other,other,electric,electric,electric,SOL.02,1.0,1.0,1.0,1.0,1.0,1.0,1.0,1.0,1.0,1.0,1.0,1.0,1.0,1.0,1.0,1.0,0.0,1.0,1.0,0.0,0.0,1.0,0.0
10.842012198756283,12th,PT.01,3,PA.02,OWN.01,2,OT.02,other,other,electric,electric,electric,SOL.02,1.0,1.0,1.0,1.0,1.0,1.0,1.0,1.0,1.0,1.0,1.0,1.0,1.0,1.0,1.0,1.0,0.0,1.0,1.0,0.0,0.0,1.0,0.0
15.843852778296752,12th,PT.06,2,PA.03,OWN.02,2,OT.06,other,electric,electric,other,electric,SOL.02,2.0,1.0,0.0,1.0,0.0,1.0,1.0,1.0,1.0,1.0,1.0,1.0,1.0,2.0,0.0,0.0,0.0,3.0,0.0,1.0,0.0,1.0,0.0
21.46773461313964,12th,PT.01,3,PA.02,OWN.01,2,OT.02,other,other,electric,electric,electric,SOL.02,1.0,1.0,1.0,1.0,1.0,1.0,1.0,1.0,1.0,1.0,1.0,1.0,1.0,1.0,1.0,1.0,0.0,1.0,1.0,0.0,0.0,1.0,0.0
20.292400074286533,12th,PT.01,3,PA.02,OWN.01,2,OT.02,other,other,electric,electric,electric,SOL.02,1.0,1.0,1.0,1.0,1.0,1.0,1.0,1.0,1.0,1.0,1.0,1.0,1.0,1.0,1.0,1.0,0.0,1.0,1.0,0.0,0.0,1.0,0.0
20.949230978630734,12th,PT.06,2,PA.02,OWN.02,2,OT.06,other,other,electric,electric,electric,SOL.02,0.0,1.0,1.0,1.0,1.0,1.0,1.0,1.0,1.0,1.0,1.0,1.0,1.0,1.0,1.0,0.0,0.0,1.0,0.0,0.0,0.0,1.0,0.0
17.560409238877696,12th,PT.01,3,PA.02,OWN.01,2,OT.02,other,other,electric,electric,electric,SOL.02,1.0,1.0,1.0,1.0,1.0,1.0,1.0,1.0,1.0,1.0,1.0,1.0,1.0,1.0,1.0,1.0,0.0,1.0,1.0,0.0,0.0,1.0,0.0
22.46579214959896,12th,PT.01,3,PA.02,OWN.01,2,OT.02,other,other,electric,electric,electric,SOL.02,1.0,1.0,1.0,1.0,1.0,1.0,1.0,1.0,1.0,1.0,1.0,1.0,1.0,1.0,1.0,1.0,0.0,1.0,1.0,0.0,0.0,1.0,0.0
23.51776919697565,12th,PT.01,3,PA.02,OWN.01,2,OT.02,other,other,electric,electric,electric,SOL.02,1.0,1.0,1.0,1.0,1.0,1.0,1.0,1.0,1.0,1.0,1.0,1.0,1.0,1.0,1.0,1.0,0.0,1.0,1.0,0.0,0.0,1.0,0.0
11.71497967157717,12th,PT.01,3,PA.02,OWN.01,2,OT.02,other,other,electric,electric,electric,SOL.02,1.0,1.0,1.0,1.0,1.0,1.0,1.0,1.0,1.0,1.0,1.0,1.0,1.0,1.0,1.0,1.0,0.0,1.0,1.0,0.0,0.0,1.0,0.0
10.42730080649774,12th,PT.01,3,PA.02,OWN.01,2,OT.02,other,other,electric,electric,electric,SOL.02,1.0,1.0,1.0,1.0,1.0,1.0,1.0,1.0,1.0,1.0,1.0,1.0,1.0,1.0,1.0,1.0,0.0,1.0,1.0,0.0,0.0,1.0,0.0
17.4302961765432,12th,PT.01,3,PA.02,OWN.01,2,OT.02,other,other,electric,electric,electric,SOL.02,1.0,1.0,1.0,1.0,1.0,1.0,1.0,1.0,1.0,1.0,1.0,1.0,1.0,1.0,1.0,1.0,0.0,1.0,1.0,0.0,0.0,1.0,0.0
20.474656848099265,12th,PT.01,3,PA.02,OWN.01,2,OT.02,other,other,electric,electric,electric,SOL.02,1.0,1.0,1.0,1.0,1.0,1.0,1.0,1.0,1.0,1.0,1.0,1.0,1.0,1.0,1.0,1.0,0.0,1.0,1.0,0.0,0.0,1.0,0.0
11.788793888521724,12th,PT.01,3,PA.02,OWN.01,2,OT.02,other,other,electric,electric,electric,SOL.02,1.0,1.0,1.0,1.0,1.0,1.0,1.0,1.0,1.0,1.0,1.0,1.0,1.0,1.0,1.0,1.0,0.0,1.0,1.0,0.0,0.0,1.0,0.0
12.15659328558718,12th,PT.01,3,PA.02,OWN.01,2,OT.02,other,other,electric,electric,electric,SOL.02,1.0,1.0,1.0,1.0,1.0,1.0,1.0,1.0,1.0,1.0,1.0,1.0,1.0,1.0,1.0,1.0,0.0,1.0,1.0,0.0,0.0,1.0,0.0
10.325452632082463,12th,PT.01,3,PA.02,OWN.01,2,OT.02,other,other,electric,electric,electric,SOL.02,1.0,1.0,1.0,1.0,1.0,1.0,1.0,1.0,1.0,1.0,1.0,1.0,1.0,1.0,1.0,1.0,0.0,1.0,1.0,0.0,0.0,1.0,0.0
12.958118922831266,12th,PT.01,3,PA.02,OWN.01,2,OT.02,other,other,electric,electric,electric,SOL.02,1.0,1.0,1.0,1.0,1.0,1.0,1.0,1.0,1.0,1.0,1.0,1.0,1.0,1.0,1.0,1.0,0.0,1.0,1.0,0.0,0.0,1.0,0.0
21.145344397058448,12th,PT.06,2,PA.02,OWN.01,1,OT.02,other,other,electric,electric,electric,SOL.02,0.0,0.0,1.0,1.0,1.0,1.0,1.0,1.0,1.0,1.0,1.0,1.0,0.0,1.0,1.0,1.0,0.0,1.0,0.0,0.0,0.0,1.0,0.0
12.555089660094565,12th,PT.01,4,PA.04,OWN.01,5,OT.05,other,other,electric,other,electric,SOL.02,2.0,1.0,1.0,1.0,1.0,1.0,1.0,1.0,1.0,1.0,1.0,1.0,1.0,1.0,1.0,0.0,0.0,1.0,1.0,0.0,0.0,1.0,0.0
14.742603408368614,12th,PT.01,3,PA.02,OWN.01,2,OT.02,other,other,electric,electric,electric,SOL.02,1.0,1.0,1.0,1.0,1.0,1.0,1.0,1.0,1.0,1.0,1.0,1.0,1.0,1.0,1.0,1.0,0.0,1.0,1.0,0.0,0.0,1.0,0.0
10.475547359945981,12th,PT.01,3,PA.02,OWN.01,2,OT.02,other,other,electric,electric,electric,SOL.02,1.0,1.0,1.0,1.0,1.0,1.0,1.0,1.0,1.0,1.0,1.0,1.0,1.0,1.0,1.0,1.0,0.0,1.0,1.0,0.0,0.0,1.0,0.0
14.11675893306492,12th,PT.01,4,PA.04,OWN.01,3,OT.04,other,other,electric,other,electric,SOL.02,1.0,1.0,0.0,1.0,0.0,1.0,1.0,1.0,1.0,1.0,1.0,1.0,1.0,1.0,1.0,0.0,0.0,1.0,0.0,0.0,0.0,1.0,0.0
14.125979990638895,12th,PT.01,4,PA.03,OWN.01,2,OT.02,other,other,electric,other,electric,SOL.02,1.0,1.0,0.0,1.0,0.0,1.0,1.0,1.0,1.0,1.0,1.0,1.0,1.0,2.0,1.0,0.0,0.0,1.0,1.0,0.0,0.0,1.0,0.0
15.742708491569193,12th,PT.02,3,PA.02,OWN.02,4,OT.05,other,electric,electric,electric,electric,SOL.02,0.0,1.0,1.0,1.0,1.0,1.0,1.0,1.0,1.0,1.0,1.0,1.0,1.0,1.0,1.0,0.0,0.0,1.0,3.0,1.0,0.0,1.0,0.0
13.464053511817054,12th,PT.01,3,PA.02,OWN.01,2,OT.02,other,other,electric,electric,electric,SOL.02,1.0,1.0,1.0,1.0,1.0,1.0,1.0,1.0,1.0,1.0,1.0,1.0,1.0,1.0,1.0,1.0,0.0,1.0,1.0,0.0,0.0,1.0,0.0
13.51172783818432,12th,PT.01,3,PA.02,OWN.01,2,OT.02,other,other,electric,electric,electric,SOL.02,1.0,1.0,1.0,1.0,1.0,1.0,1.0,1.0,1.0,1.0,1.0,1.0,1.0,1.0,1.0,1.0,0.0,1.0,1.0,0.0,0.0,1.0,0.0
9.723960266346467,12th,PT.01,3,PA.02,OWN.01,2,OT.02,other,other,electric,electric,electric,SOL.02,1.0,1.0,1.0,1.0,1.0,1.0,1.0,1.0,1.0,1.0,1.0,1.0,1.0,1.0,1.0,1.0,0.0,1.0,1.0,0.0,0.0,1.0,0.0
14.878568825347447,12th,PT.01,3,PA.02,OWN.01,2,OT.02,other,other,electric,electric,electric,SOL.02,1.0,1.0,1.0,1.0,1.0,1.0,1.0,1.0,1.0,1.0,1.0,1.0,1.0,1.0,1.0,1.0,0.0,1.0,1.0,0.0,0.0,1.0,0.0
